标题,价格,图片
Arrow (Silver),"
        $76.00
      ",https://cdn.shopify.com/s/files/1/0467/9116/4053/products/cfrtd14-8-2022_43adbc71-8645-47be-ad05-4da8ba607289.jpg?v=1614967224&width=533
Figaro (Silver) 3mm,"
        From $51.00
      ",https://cdn.shopify.com/s/files/1/0467/9116/4053/products/S3mm.jpg?v=1614967218&width=533
Offensive Bear (Gold),"
        $76.00
      ",https://cdn.shopify.com/s/files/1/0467/9116/4053/products/Angle2_Gold_1.png?v=1664280986&width=533
Tennis Bracelet (Silver) 5mm,"
        $76.00
      ",https://cdn.shopify.com/s/files/1/0467/9116/4053/products/crftdS10921-35.jpg?v=1635517935&width=533
Cuban (Gold) 8mm,"
        $89.00
      ",https://cdn.shopify.com/s/files/1/0467/9116/4053/products/G_8mm_9376764b-ebc6-4350-a0bb-87479bac4639.jpg?v=1683808114&width=533
Rounded Real Pearl Bracelet (Silver),"
        $63.00
      ",https://cdn.shopify.com/s/files/1/0467/9116/4053/files/RoundedPearlBracelet.png?v=1682525464&width=533
Wing (Silver),"
        $76.00
      ",https://cdn.shopify.com/s/files/1/0467/9116/4053/products/WING-S.jpg?v=1681365530&width=533
Cuban 8mm Set (Silver),"
        $125.00
      ",https://cdn.shopify.com/s/files/1/0467/9116/4053/products/Bundle9.jpg?v=1614967222&width=533
Cross (Gold),"
        $76.00
      ",https://cdn.shopify.com/s/files/1/0467/9116/4053/products/CRAFTD_6.jpg?v=1623099185&width=533
Cuban Bracelet (Gold) 8mm,"
        $63.00
      ",https://cdn.shopify.com/s/files/1/0467/9116/4053/products/CRAFTD_02_3dd79054-341d-481d-a93f-1aaad91e4f4a.jpg?v=1614967233&width=533
Cuban (Silver) 12mm,"
        $101.00
      ",https://cdn.shopify.com/s/files/1/0467/9116/4053/products/S12mm.jpg?v=1681365532&width=533
Rope Bracelet (Gold) 5mm,"
        $32.00
      ",https://cdn.shopify.com/s/files/1/0467/9116/4053/products/CRAFTD_05_17b17348-cf25-4240-bf77-abb8b7094c2f.jpg?v=1614967227&width=533
Crucifix (Silver),"
        $76.00
      ",https://cdn.shopify.com/s/files/1/0467/9116/4053/products/crd6.jpg?v=1681365537&width=533
Cupid's Revenge (Gold),"
        $76.00
      ",https://cdn.shopify.com/s/files/1/0467/9116/4053/products/cfrtd14-8-2019_50888689-22a8-49c9-83c2-556509366607.jpg?v=1614967221&width=533
Compass Set (Gold),"
        $96.00
      ",https://cdn.shopify.com/s/files/1/0467/9116/4053/products/1_080daf40-58d8-4003-ac65-d89cbd905e8a.jpg?v=1613491836&width=533
Tennis Chain (Silver) 5mm,"
        $126.00
      ",https://cdn.shopify.com/s/files/1/0467/9116/4053/products/crftdS10921-13.jpg?v=1635519812&width=533
Crown Ring (Gold),"
        $57.00
      ",https://cdn.shopify.com/s/files/1/0467/9116/4053/products/Crown-COLOURCORRECTION.png?v=1671043726&width=533
Half Iced Cuban (Silver) 8mm,"
        $158.00
      ",https://cdn.shopify.com/s/files/1/0467/9116/4053/products/ProductPageImage11_62.png?v=1679987609&width=533
