标题,图片
Make Your Own Set (Silver),//cdn.shopify.com/s/files/1/0467/9116/4053/products/Compass_Rope_50_Silver_e6524b5c-1f73-4a91-8996-8d854fd2d58d.jpg?v=1681365605&width=533
Make Your Own Set (Gold),//cdn.shopify.com/s/files/1/0467/9116/4053/products/North_x_Rope_50cm_-_Gold_ca3a3b09-0906-49f3-95c3-6a3579cd0ad3.png?v=1681365609&width=533
Connell Chain (Silver) 2mm,//cdn.shopify.com/s/files/1/0467/9116/4053/products/CONNELLS.jpg?v=1681365470&width=533
Cuban (Silver) 4mm,//cdn.shopify.com/s/files/1/0467/9116/4053/products/S4mm.jpg?v=1681365473&width=533
Compass Pendant (Silver),//cdn.shopify.com/s/files/1/0467/9116/4053/products/crd2.jpg?v=1681365476&width=533
Connell Chain (Gold) 2mm,//cdn.shopify.com/s/files/1/0467/9116/4053/products/CONNELLG.jpg?v=1681365478&width=533
Crucifix (Silver),//cdn.shopify.com/s/files/1/0467/9116/4053/products/crd6.jpg?v=1681365537&width=533
Wheat (Silver) 3mm,//cdn.shopify.com/s/files/1/0467/9116/4053/products/WheatS3mm.jpg?v=1613491835&width=533
Rounded Real Pearl Necklace (Silver),//cdn.shopify.com/s/files/1/0467/9116/4053/products/Pearls3.png?v=1682438120&width=533
Cuban (Silver) 8mm,//cdn.shopify.com/s/files/1/0467/9116/4053/products/S8mm.jpg?v=1681365483&width=533
Cuban Bracelet (Silver) 4mm,//cdn.shopify.com/s/files/1/0467/9116/4053/products/CRAFTD_08.jpg?v=1614967224&width=533
Rope (Silver) 3mm,//cdn.shopify.com/s/files/1/0467/9116/4053/products/RopeS3mm.jpg?v=1614967225&width=533
North Star (Silver),//cdn.shopify.com/s/files/1/0467/9116/4053/products/cftd15-103.jpg?v=1681365520&width=533
Offensive Bear (Gold),//cdn.shopify.com/s/files/1/0467/9116/4053/products/Angle2_Gold_1.png?v=1664280986&width=533
Cuban (Gold) 4mm,//cdn.shopify.com/s/files/1/0467/9116/4053/products/G4mm.jpg?v=1681365528&width=533
Compass Pendant (Gold),//cdn.shopify.com/s/files/1/0467/9116/4053/products/crd1.jpg?v=1681365525&width=533
Cuban Bracelet (Silver) 8mm,//cdn.shopify.com/s/files/1/0467/9116/4053/products/CRAFTD_01.jpg?v=1614967233&width=533
Compass Set (Silver),//cdn.shopify.com/s/files/1/0467/9116/4053/products/4.jpg?v=1613491839&width=533
Wheat Bracelet (Silver) 5mm,//cdn.shopify.com/s/files/1/0467/9116/4053/products/CRAFTD_10_e663bd79-e118-430d-bae7-768b4cc9832d.jpg?v=1614967231&width=533
Cuban 8mm Set (Gold),//cdn.shopify.com/s/files/1/0467/9116/4053/products/Bundle4.jpg?v=1614967226&width=533
Rope Ring (Silver),//cdn.shopify.com/s/files/1/0467/9116/4053/products/Studio0439.jpg?v=1614967220&width=533
Rope (Silver) 5mm,//cdn.shopify.com/s/files/1/0467/9116/4053/products/RopeS5mm_2.jpg?v=1614967223&width=533
Wheat (Gold) 3mm,//cdn.shopify.com/s/files/1/0467/9116/4053/products/WheatG3mm.jpg?v=1613491833&width=533
Rope Bracelet (Silver) 5mm,//cdn.shopify.com/s/files/1/0467/9116/4053/products/CRAFTD_06_49177514-f98b-4a21-a0ee-ddb5b79cfc88.jpg?v=1614967223&width=533
